{
	"description": "项目配置文件",
	"packOptions": {
		"ignore": []
	},
	"setting": {
		"urlCheck": false,
		"es6": true,
		"postcss": true,
		"minified": true,
		"newFeature": true,
		"autoAudits": false
	},
	"compileType": "miniprogram",
	"libVersion": "2.8.0",
	"appid": "wx0fc23d52483ecede",
	"projectname": "wxapp",
	"debugOptions": {
		"hidedInDevtools": []
	},
	"isGameTourist": false,
	"simulatorType": "wechat",
	"simulatorPluginLibVersion": {},
	"condition": {
		"search": {
			"current": -1,
			"list": []
		},
		"conversation": {
			"current": -1,
			"list": []
		},
		"plugin": {
			"current": -1,
			"list": []
		},
		"game": {
			"currentL": -1,
			"list": []
		},
		"gamePlugin": {
			"current": -1,
			"list": []
		},
		"miniprogram": {
			"current": 33,
			"list": [
				{
					"id": 1,
					"name": "登录",
					"pathName": "pages/login/login",
					"query": "",
					"scene": null
				},
				{
					"id": -1,
					"name": "请假",
					"pathName": "pages/leave/leave",
					"query": "",
					"scene": null
				},
				{
					"id": -1,
					"name": "离职",
					"pathName": "pages/resign/resign",
					"query": "",
					"scene": null
				},
				{
					"id": 4,
					"name": "加班",
					"pathName": "pages/overtime/overtime",
					"query": "",
					"scene": null
				},
				{
					"id": 5,
					"name": "异常",
					"pathName": "pages/except/except",
					"query": "",
					"scene": null
				},
				{
					"id": 6,
					"name": "離職",
					"pathName": "pages/resignForm/resignForm",
					"query": "",
					"scene": null
				},
				{
					"id": 7,
					"name": "tab",
					"pathName": "pages/tabinfo/tabinfo",
					"query": "",
					"scene": null
				},
				{
					"id": 8,
					"name": "訪客首頁",
					"pathName": "pages/otherIndex/index",
					"query": "",
					"scene": null
				},
				{
					"id": -1,
					"name": "訪客申請",
					"pathName": "pages/applicationForm/index",
					"query": "",
					"scene": null
				},
				{
					"id": -1,
					"name": "薪资查询",
					"pathName": "pages/salarySearch/index",
					"query": "",
					"scene": null
				},
				{
					"id": 11,
					"name": "pages/login/login",
					"pathName": "pages/login/login",
					"query": "",
					"scene": null
				},
				{
					"id": -1,
					"name": "员工进出申请",
					"pathName": "pages/out/out",
					"query": "",
					"scene": null
				},
				{
					"id": -1,
					"name": "访客",
					"pathName": "pages/applicationForm/index",
					"query": "",
					"scene": null
				},
				{
					"id": -1,
					"name": "list",
					"pathName": "pages/list/list",
					"query": "",
					"scene": null
				},
				{
					"id": 15,
					"name": "tab",
					"pathName": "pages/tabwork/tabwork",
					"query": "",
					"scene": null
				},
				{
					"id": 16,
					"name": "tab",
					"pathName": "pages/tabuser/tabuser",
					"query": "",
					"scene": null
				},
				{
					"id": -1,
					"name": "res",
					"pathName": "pages/resignForm/resignForm",
					"query": "",
					"scene": null
				},
				{
					"id": 18,
					"name": "tab111",
					"pathName": "pages/tabwork/tabwork",
					"query": "",
					"scene": null
				},
				{
					"id": 19,
					"name": "离职",
					"pathName": "pages/resignForm/resignForm",
					"query": "",
					"scene": null
				},
				{
					"id": 20,
					"name": "請假",
					"pathName": "pages/leave/leave",
					"query": "",
					"scene": null
				},
				{
					"id": 21,
					"name": "津贴",
					"pathName": "pages/subsidy/subsidy",
					"query": "",
					"scene": null
				},
				{
					"id": -1,
					"name": "测试",
					"pathName": "pages/zagros/zagros",
					"query": "",
					"scene": null
				},
				{
					"id": -1,
					"name": "pages/subsidy/subsidy",
					"pathName": "pages/subsidy/subsidy",
					"query": "",
					"scene": null
				},
				{
					"id": -1,
					"name": "技能",
					"pathName": "pages/subsidy/subsidy",
					"query": "",
					"scene": null
				},
				{
					"id": -1,
					"name": "jineng",
					"pathName": "pages/subsidyace/subsidyace",
					"query": "",
					"scene": null
				},
				{
					"id": -1,
					"name": "用餐",
					"pathName": "pages/rs/rs",
					"query": "",
					"scene": null
				},
				{
					"id": -1,
					"name": "pages/rs/rs",
					"pathName": "pages/rs/rs",
					"query": "",
					"scene": null
				},
				{
					"id": -1,
					"name": "開餐計劃",
					"pathName": "pages/rsplan/rsplan",
					"query": "",
					"scene": null
				},
				{
					"id": -1,
					"name": "开餐查询",
					"pathName": "pages/rsplan/rsplan",
					"query": "",
					"scene": null
				},
				{
					"id": -1,
					"name": "info",
					"pathName": "pages/tabinfo/tabinfo",
					"query": "",
					"scene": null
				},
				{
					"id": -1,
					"name": "health",
					"pathName": "pages/healthForm/healthForm",
					"query": "",
					"scene": null
				},
				{
					"id": 31,
					"name": "pages/healthVisitForm/healthVisitForm",
					"pathName": "pages/healthVisitForm/healthVisitForm",
					"query": "",
					"scene": null
				},
				{
					"id": -1,
					"name": "复工",
					"pathName": "pages/certification/certification",
					"query": "",
					"scene": null
				},
				{
					"id": -1,
					"name": "healthSearch",
					"pathName": "pages/healthSearch/healthSearch",
					"query": "",
					"scene": null
				},
				{
					"id": -1,
					"name": "pages/smartService/smartService",
					"pathName": "pages/smartService/smartService",
					"scene": null
				}
			]
		}
	}
}